"#Factor","Fleet","Weights_2019","Weights_2021","Diff"
4,1,1,0.095328,0.904672
4,3,1,0.044144,0.955856
4,8,0.291349,0.032931,0.258418
5,1,1,0.101402,0.898598
5,3,1,0.193659,0.806341
5,5,0.103912,1,-0.896088
5,6,0.316743,0.109196,0.207547
5,7,0.440877,0.12705,0.313827
5,8,0.246557,0.286539,-0.039982
